[{"label":"serialnum","value":"sfsdf"},{"label":"apprtype","value":"sdfdsf"},{"label":"owner_name","value":""},{"label":"region_name","value":""},{"label":"substn_name","value":""},{"label":"designation","value":""},{"label":"norm_name","value":""},{"label":"fluidtype","value":""},{"label":"eqp_desc","value":""},{"label":"mfr","value":""},{"label":"year_mfg","value":""},{"label":"model","value":""},{"label":"ratedkv","value":""},{"label":"oilpres","value":""},{"label":"cooling","value":""},{"label":"fluidvol","value":""},{"label":"partnum","value":""},{"label":"external_id","value":""},{"label":"external_id2","value":""},{"label":"compliance","value":""},{"label":"in_service","value":""},{"label":"spare","value":""},{"label":"surveillance","value":""},{"label":"eqp_remarks","value":""}]