[{"serialnum":"1234567890"},{"serialnum":"1234567890","apprtype":"oil"},{"serialnum":"1234567890","apprtype":"oil","owner_name":""},{"serialnum":"1234567890","apprtype":"oil","owner_name":"","region_name":""},{"serialnum":"1234567890","apprtype":"oil","owner_name":"","region_name":"","substn_name":""},{"serialnum":"1234567890","apprtype":"oil","owner_name":"","region_name":"","substn_name":"","designation":""},{"serialnum":"1234567890","apprtype":"oil","owner_name":"","region_name":"","substn_name":"","designation":"","norm_name":""},{"serialnum":"1234567890","apprtype":"oil","owner_name":"","region_name":"","substn_name":"","designation":"","norm_name":"","fluidtype":""},{"serialnum":"1234567890","apprtype":"oil","owner_name":"","region_name":"","substn_name":"","designation":"","norm_name":"","fluidtype":"","eqp_desc":""},{"serialnum":"1234567890","apprtype":"oil","owner_name":"","region_name":"","substn_name":"","designation":"","norm_name":"","fluidtype":"","eqp_desc":"","mfr":""},{"serialnum":"1234567890","apprtype":"oil","owner_name":"","region_name":"","substn_name":"","designation":"","norm_name":"","fluidtype":"","eqp_desc":"","mfr":"","year_mfg":""},{"serialnum":"1234567890","apprtype":"oil","owner_name":"","region_name":"","substn_name":"","designation":"","norm_name":"","fluidtype":"","eqp_desc":"","mfr":"","year_mfg":"","model":""},{"serialnum":"1234567890","apprtype":"oil","owner_name":"","region_name":"","substn_name":"","designation":"","norm_name":"","fluidtype":"","eqp_desc":"","mfr":"","year_mfg":"","model":"","ratedkv":""},{"serialnum":"1234567890","apprtype":"oil","owner_name":"","region_name":"","substn_name":"","designation":"","norm_name":"","fluidtype":"","eqp_desc":"","mfr":"","year_mfg":"","model":"","ratedkv":"","oilpres":""},{"serialnum":"1234567890","apprtype":"oil","owner_name":"","region_name":"","substn_name":"","designation":"","norm_name":"","fluidtype":"","eqp_desc":"","mfr":"","year_mfg":"","model":"","ratedkv":"","oilpres":"","cooling":""},{"serialnum":"1234567890","apprtype":"oil","owner_name":"","region_name":"","substn_name":"","designation":"","norm_name":"","fluidtype":"","eqp_desc":"","mfr":"","year_mfg":"","model":"","ratedkv":"","oilpres":"","cooling":"","fluidvol":""},{"serialnum":"1234567890","apprtype":"oil","owner_name":"","region_name":"","substn_name":"","designation":"","norm_name":"","fluidtype":"","eqp_desc":"","mfr":"","year_mfg":"","model":"","ratedkv":"","oilpres":"","cooling":"","fluidvol":"","partnum":""},{"serialnum":"1234567890","apprtype":"oil","owner_name":"","region_name":"","substn_name":"","designation":"","norm_name":"","fluidtype":"","eqp_desc":"","mfr":"","year_mfg":"","model":"","ratedkv":"","oilpres":"","cooling":"","fluidvol":"","partnum":"","external_id":""},{"serialnum":"1234567890","apprtype":"oil","owner_name":"","region_name":"","substn_name":"","designation":"","norm_name":"","fluidtype":"","eqp_desc":"","mfr":"","year_mfg":"","model":"","ratedkv":"","oilpres":"","cooling":"","fluidvol":"","partnum":"","external_id":"","external_id2":""},{"serialnum":"1234567890","apprtype":"oil","owner_name":"","region_name":"","substn_name":"","designation":"","norm_name":"","fluidtype":"","eqp_desc":"","mfr":"","year_mfg":"","model":"","ratedkv":"","oilpres":"","cooling":"","fluidvol":"","partnum":"","external_id":"","external_id2":"","compliance":""},{"serialnum":"1234567890","apprtype":"oil","owner_name":"","region_name":"","substn_name":"","designation":"","norm_name":"","fluidtype":"","eqp_desc":"","mfr":"","year_mfg":"","model":"","ratedkv":"","oilpres":"","cooling":"","fluidvol":"","partnum":"","external_id":"","external_id2":"","compliance":"","in_service":""},{"serialnum":"1234567890","apprtype":"oil","owner_name":"","region_name":"","substn_name":"","designation":"","norm_name":"","fluidtype":"","eqp_desc":"","mfr":"","year_mfg":"","model":"","ratedkv":"","oilpres":"","cooling":"","fluidvol":"","partnum":"","external_id":"","external_id2":"","compliance":"","in_service":"","spare":""},{"serialnum":"1234567890","apprtype":"oil","owner_name":"","region_name":"","substn_name":"","designation":"","norm_name":"","fluidtype":"","eqp_desc":"","mfr":"","year_mfg":"","model":"","ratedkv":"","oilpres":"","cooling":"","fluidvol":"","partnum":"","external_id":"","external_id2":"","compliance":"","in_service":"","spare":"","surveillance":""},{"serialnum":"1234567890","apprtype":"oil","owner_name":"","region_name":"","substn_name":"","designation":"","norm_name":"","fluidtype":"","eqp_desc":"","mfr":"","year_mfg":"","model":"","ratedkv":"","oilpres":"","cooling":"","fluidvol":"","partnum":"","external_id":"","external_id2":"","compliance":"","in_service":"","spare":"","surveillance":"","eqp_remarks":""}]